type,count,avg_rating,avg_votes,total_votes
Movie,3192,6.291823308270676,28926.82581453634,92334428
TV Show,3764,6.7776833156216965,14840.560839532413,55859871
